title,salary
トヨタ自動車グループSaas企業 部長候補／データ分析部,10 million yen ~ 16 million yen
【通信業界の最前線！】　データ分析、オペレーション改善 担当,"Negotiable, based on experience"
AI研究開発／データ分析エンジニア＼年収300万円～450万円／東京・神奈川・千葉・埼⽟・大阪・愛知など,3 million yen ~ 5.5 million yen
【英語】マーケティングアシスタント/越境EC事業会社/年収378万~406万/正社員＠大阪,3.5 million yen ~ 4 million yen
【Domestic and international purchasing】3rd in the industry,4 million yen ~ 5.5 million yen
Remote Work【AI研究開発／データ分析エンジニア】何らか開発ご経験者を募集◎フルリモート案件有／VISAサポート／多国籍社員活躍,3.5 million yen ~ 5.5 million yen
Remote Work【AI研究開発／データ分析エンジニア】実務未経験から日本でエンジニアへ◎フルリモート案件有／ビザサポート／多国籍社員活躍,3 million yen ~ 3.5 million yen
【データサイエンティスト/アナリスト】正社員/外国人ITエンジニア歓迎/VISAサポートあり！,3.5 million yen ~ 5.5 million yen
マレーシア語マーケティング担当（マレーシア語＆英語＆日本語N3以上必要）,"Negotiable, based on experience"
"PR/158879 | SENIOR MANAGER FOR PURCHASE, PRODUCTION CONTROL(JAPANESE SPEAKING)","Negotiable, based on experience"
Remote Workデータエンジニア｜データ事業,6.5 million yen ~ 12 million yen
PR/115898 | 日系ローカルウェブ制作・マーケティング  /  Web コンサルタント または ECコンサルタント,"Negotiable, based on experience"
Remote WorkData Scientist | データサイエンティスト,5 million yen ~ 10 million yen
【マレー語】マーケティング担当/越境EC事業会社/年収380万~420万/正社員＠大阪（引越費用サポートあり）,3.5 million yen ~ 4.5 million yen
PR/115338 | タイ系大手財閥リテール  /  バイヤー・マーチャンダイジングマネージャー,"Negotiable, based on experience"
Remote Work英語／グローバルアカウントプランナー（デジタル広告領域） 【大手Web広告代理店／在宅勤務制度あり】,4 million yen ~ 10 million yen
【繁体字】台湾向け記事編集/商品比較サイト運営/年収324万~408万＠東京,3 million yen ~ 4 million yen
Remote Workデータエンジニア/Data Engineer,6 million yen ~ 9 million yen
Junior Data Scientist 【ジュニアデータサイエンティスト】,5 million yen ~ 8 million yen
Senior Data Scientist 【シニアデータサイエンティスト】,8.5 million yen ~ 12 million yen
Remote Workソフトウェアエンジニア（新卒）,4.5 million yen ~ 6 million yen
【東京】 Microsoftコンサルタント（TGP-IPS-MS）,4 million yen ~ 25 million yen
【大阪】 Microsoftコンサルタント（TGP-IPS-MS）,4 million yen ~ 25 million yen
Remote Work【データプラットフォームエンジニア/Data Platform Engineer】【正社員・業務委託】,6 million yen ~ 8 million yen
Remote Workプロダクトマネージャー,"Negotiable, based on experience"
データアナリスト/Data Scientist,6 million yen ~ 10 million yen
【経理事務・財務アシスタント／六本木】日本語＆中国語必須／簿記資格をお持ちの方歓迎！未経験の方も応募可◎,"3 million yen ~ Negotiable, based on experience"
Remote WorkSenior Analytics Executive｜優れた分析能力： ローデータを分析し、戦略的提言を提供する能力,5 million yen ~ 7 million yen
外資系損保 企業ビジネス分析部 Business Analyst @東京,7 million yen ~ 8 million yen
タイ語／タイ向けコンテンツ企画・進捗管理（おすすめ商品企画サービスサイトの運営） 【未経験者歓迎】,3 million yen ~ 4.5 million yen
PR/095189 | Corporate Planning Manager (Japanese speaker),"Negotiable, based on experience"
Remote WorkData Engineer | データエンジニア,5 million yen ~ 10 million yen
Remote Work【英語】自社アプリケーションのUI・UXデザイナー/Figma/年収400万～600万円＠フルリモート,4 million yen ~ 6 million yen
Remote WorkData Analyst @ Major E-Commerce Company,9 million yen ~ 13 million yen
Remote Workデータアナリスト(データサイエンティスト)｜データ事業,6.5 million yen ~ 12 million yen
Remote Work【AI】データエンジニア,6 million yen ~ 12 million yen
Remote Work【英語】デジタルマーケティング/大手製造メーカー/年収520万～690万/正社員＠大阪,5 million yen ~ 7 million yen
Remote Workフルリモート可 Product Marketing Manager（グロース）,10 million yen ~ 15 million yen
【英語】海外パートナー営業開発/アニメや玩具の企画開発企業/正社員/550万~750万＠秋葉原,5.5 million yen ~ 7.5 million yen
PR/086742 | Associate,"Negotiable, based on experience"
Remote Workデータサイエンティスト,7 million yen ~ 10 million yen
【英語】広報/メディア対応・PR活動/プライム上場ヘルスケアIT企業/年収400万～700万円＠恵比寿,4 million yen ~ 7 million yen
【機械学習エンジニア/Machine Learning Engineer】【正社員】,6 million yen ~ 9 million yen
【東京・年収 〜1100万】テクニカルサービス統合リーダー（精密科学機器）,9 million yen ~ 11 million yen
中国語繁体字（台湾）／台湾向けコンテンツ企画・進捗管理（おすすめ商品企画サービスサイトの運営） 【未経験者歓迎】,3 million yen ~ 4.5 million yen
Remote Workビジネスデータアナリスト[日本語＆韓国語ビジネスレベル],5 million yen ~ 8 million yen
PR/094531 | Executive Assistant (Japanese Speaker),"Negotiable, based on experience"
NewBig EU Luxury - Logistics Staff,"Negotiable, based on experience"
【データエンジニア/Data Engineer】【正社員・業務委託】,6 million yen ~ 12 million yen
Remote Work【東京/システムエンジニア・プログラマー】自社サービス開発にも携われる★残業平均月13時間（前年度実績）,4 million yen ~ 7 million yen
New＜コンサルタント＞大手コンサルティングファーム,6 million yen ~ 30 million yen
Remote Work【台湾事業/編集担当】台湾華語ネイティブの方を募集◆商品比較サービス「マイベスト」のコンテンツ企画など/日本語N3レベル,3 million yen ~ 4 million yen
【AI(大阪)】データドリブンコンサルタント/企画経験者歓迎・データ利活用提供(SC-DAI-DDC),4 million yen ~ 25 million yen
【AI(東京)】データドリブンコンサルタント/企画経験者歓迎・データ利活用提供(SC-DAI-DDC),4 million yen ~ 25 million yen
PR/086635 | Japanese Bilingual IT Business Analyst,"Negotiable, based on experience"
New【英語スキルを活かす×社会貢献性◎】大手日系グローバル企業のSNSコンテンツチェックスタッフ,4 million yen
New【外資系自動車業界】シニアマーケティングマネージャー/ 年収〜1300万円,9 million yen ~ 13 million yen
【プロダクトマネージャー職/フルリモート】 - 最先端AI×SaaS企業×フレックスタイム制！,"Negotiable, based on experience"
【英語スキルを活かす×社会貢献性◎】大手日系グローバル企業のSNSコンテンツチェックスタッフ,4 million yen
【クラウドエンジニア/Cloud Engineer】【正社員・業務委託】,8 million yen ~ 12 million yen
【マーケティングリサーチャー】消費者のニーズや市場調査、マーケティングリサーチをし企業活動をサポートする,"3 million yen ~ Negotiable, based on experience"
中国語マーケター（繁体字),3 million yen ~ 4.5 million yen
New中国語マーケター （簡体字）,3 million yen ~ 4.5 million yen
Remote Workチームマネージャー兼プロダクトマネージャー（プロダクトリード候補）/フルリモート可,9 million yen ~ 12 million yen
NewRemote Work【外資系×製薬】調達カテゴリーマネージャー,8 million yen ~ 12 million yen
【バンコク／開発・管理アソシエイト】バンコク店舗と東京本社との連携を担うプロジェクト実行担当/Thdoa,2.5 million yen ~ 5 million yen
Remote Workクラウドエンジニア(AWS)～SaaSのデータ基盤構築,6 million yen ~ 8 million yen
Remote WorkSAP Datasphere Analyst,7 million yen ~ 9 million yen
Remote Work会計監査システム化エンジニア（SKY/PwCBA）開発経験者募集!! 【CTS-Auto】,3.5 million yen ~ 4.5 million yen
Project Coordinator,5 million yen ~ 6 million yen
Commercial Product Engineer (新潟),6 million yen ~ 9 million yen
Remote Work【Merchant Engagement Associate(カスタマーサクセス)】US本社・外資系/国内×フルリモート,5 million yen ~ 7 million yen
Remote Workマーケティング・オフィサー：デジタルファンドレイジング/既存支援者担当,4 million yen ~ 5 million yen
Remote Workリモートあり！ITエンジニア【システム開発エンジニア】　年収350万円～600万円,3.5 million yen ~ 6 million yen
New【外資系金融大手】管理会計・FP&A｜年収1000万円以上,"Negotiable, based on experience"
PR/086737 | Staff Accountant,"Negotiable, based on experience"
Remote Work【薬局x AI】データサイエンティスト Data Scientist/フルリモート可,8.5 million yen ~ 15 million yen
Webオープン系エンジニア　多国籍エンジニアが活躍中,3 million yen ~ 6 million yen
Remote Workデータエンジニア,5 million yen ~ 12 million yen
Remote Workバックエンドエンジニア,5 million yen ~ 8 million yen
米国マーケティング,5 million yen ~ 9 million yen
工場におけるDXのための制御システムエンジニア（Control System Engineer）,5 million yen ~ 8.5 million yen
Webオープン系エンジニア＼年収300万円～450万円／東京・神奈川・千葉・埼⽟・大阪・愛知など,3 million yen ~ 5.5 million yen
PR/094823 | 将来的なベトナム責任者候補ポジション,"Negotiable, based on experience"
倉庫内プロセス変更プロジェクトサポート（１年契約）,5 million yen ~ 6.5 million yen
米国マーケティングマネージャー,5 million yen ~ 10 million yen
Remote Work法人向けソリューション営業（次世代交通・観光プラットフォーム）※中国語または韓国語ができる方歓迎！,5.5 million yen ~ 10 million yen
米国マーケティングマネージャー （職務経歴不問/カルチャーフィット重視のポテンシャル採用）,5 million yen ~ 10 million yen
PR/095333 | Corporate Planning Assistant (Japanese Speaker),"Negotiable, based on experience"
PR/159025 | Japanese Speaker  /  待遇と福利厚生が魅力のクラスター調達カテゴリマネージャー (Fleet 担当),"Negotiable, based on experience"
Remote WorkAndroidエンジニア_暗号資産取引所運営企業,6 million yen ~ 10 million yen
Remote Work採用責任者候補,7.5 million yen ~ 18 million yen
Remote Workバックエンドエンジニア,6 million yen ~ 20 million yen
【AI(大阪)】AIアーキテクト/グローバルAIアセットを活用したイノベーション( SC-DAI-AI),4 million yen ~ 25 million yen
【AI(東京)】AIアーキテクト/グローバルAIアセットを活用したイノベーション( SC-DAI-AI),4 million yen ~ 25 million yen
Bilingual Senior Product Manager (部長候補),12 million yen ~ 20 million yen
Remote Workデータエンジニア_フルリモート勤務,5 million yen ~ 8 million yen
Remote WorkSr HR specialist @ 上場グローバルセキュリティ企業,7 million yen ~ 10 million yen
【韓国系大手企業】カスタマーサポート運営管理（改善・スケジュール管理担当）,4.5 million yen ~ 7.5 million yen
NewRemote Work【独占求人】Stand alone HR @ US系ITコンサル企業,6 million yen ~ 7 million yen
NewMega Luxury - Operations Manager,"Negotiable, based on experience"
PR/086633 | Finance Analyst,"Negotiable, based on experience"
【韓国系大手企業】 カスタマーエクスペリエンスサポート（CXOサポート）,4 million yen ~ 7 million yen
Remote Work【業界・職種経験不問】定量分析の経験を活かす、MD・生産管理担当者／企画立案～分析まで幅広く、裁量を持ちながら業務を推進,5 million yen ~ 7 million yen
B2B - SCM Director,12 million yen ~ 14 million yen
902【東京】英会話スクールマネージャー◆多国籍スタッフマネジメント◆未経験歓迎◆20～30代活躍中◆日常英会話力,3 million yen ~ 3.5 million yen
"PR/094907 | Associate, Spend Management, P2P (Japanese Speaking)","Negotiable, based on experience"
Remote Work英語／ビジネスコンサルティング営業（デジタル広告） 【在宅勤務制度あり／日本最大級のテックカンパニー】,5.5 million yen ~ 8 million yen
【FinTech】データサイエンティスト/Data Scientist,7 million yen ~ 9 million yen
SEOスペシャリスト【SEO施策の企画・立案経験者】楽天市場にいおけるマーケティング担当,"Negotiable, based on experience"
Remote Work業務系システムSE／PM(OutSystems経験者歓迎_名古屋勤務,5 million yen ~ 9 million yen
Remote WorkLLMエンジニア｜データ事業,6 million yen ~ 12 million yen
NewRemote Work【HR partner】IT企業 / ワークライフバランス◎,9 million yen ~ 11 million yen
"NewPR/086774 | Program Manager, Business Development and Marketing of Optical Communications","Negotiable, based on experience"
PR/086692 | Account Executive (Sake Development),"Negotiable, based on experience"
Remote Work【プロジェクトマネージャ｜リモート可・残業1日1h程度】金融・保険・流通業向けシステム開発！,6 million yen ~ 9 million yen
【東京】 製造・物流領域のDXコンサルタント　IndustryX‐Consultant（IX－M＆O）,8 million yen ~ 25 million yen
"Remote Work大手企業の案件多数！【システム開発エンジニア】(Java, C# , Python...)　※VISA Support※",3.5 million yen ~ 6 million yen
Remote Workフルスタックエンジニア（テックリード候補）,6 million yen ~ 10 million yen
Newリサーチマネージャー(AI／アナリティクス分野) - グローバルリサーチ企業,6 million yen ~ 11 million yen
PR/086681 | Sales Manager,"Negotiable, based on experience"
Remote WorkBackend Engineer_Full Remote Work,5 million yen ~ 14 million yen
【外資】【日本最大級のEコマースモール】　HR Business Partner 職,7.5 million yen ~ 11 million yen
Remote WorkData Engineer,8.5 million yen ~ 12 million yen
グローバル信用リスク管理の高度化・海外領域格付け制度の企画管理,"Negotiable, based on experience"
AI/DX統括本部 Product CTO 兼 開発本部長候補　SFA/CRM,15 million yen ~ 30 million yen
【英語】海外営業＆EC担当/越境EC事業会社/年収560万~630万/正社員＠大阪,5.5 million yen ~ 6.5 million yen
PR/086521 | Japanese Bilingual Financial Analyst,"Negotiable, based on experience"
PR/159073 | Japanese Speaker  /  CRM Administrator,"Negotiable, based on experience"
Remote WorkSRE,7 million yen ~ 12 million yen
世界リーディングブランド【ECサイト運営担当】,5 million yen ~ 6 million yen
【Maya】アバターアイテムのデザイン制作/VTuber事業/450万-800万/正社員＠六本木,4.5 million yen ~ 8 million yen
PR/095068 | Accounts Receivable Coordinator (12 Months Contract),"Negotiable, based on experience"
英語／グローバルマーケティングプランナー（中国・東南アジア・欧米などの海外市場） 【日系クライアントの海外進出を支援】,5 million yen ~ 8 million yen
新横浜 【財務マネージャー】 財務分野経験豊富な方を求めています｜英語力が活かせる｜在宅勤務制度あり,8 million yen ~ 10 million yen
Remote WorkData Scientist_Full Remote Work,5 million yen ~ 14 million yen
Remote WorkQAエンジニア/クラウドサービス/540万～840万/正社員＠東京,5 million yen ~ 8 million yen
【東京】クラウドアーキテクト/エンジニア/コンサルタント(TGP－ICE),4 million yen ~ 25 million yen
【大阪】クラウドアーキテクト/エンジニア/コンサルタント(TGP－ICE),4 million yen ~ 25 million yen
【福岡】クラウドアーキテクト/エンジニア/コンサルタント(TGP－ICE),4 million yen ~ 25 million yen
【コンテンツ・マーケター】 中国市場向けのSNSマーケティング,4 million yen ~ 6 million yen
Remote Workエンタープライズ担当カスタマーサクセス,6 million yen ~ 9 million yen
Remote Workクラウド領域のITエンジニア（担当～エキスパート）,5 million yen ~ 9 million yen
Remote Work【オープンポジション_SE～PM】◎チームでのプロジェクト体制◎長期大規模システム開発,6 million yen ~ 10 million yen
Data Consultant,8 million yen ~ 12 million yen
Remote WorkAIエンジニア/AI Engineer,6 million yen ~ 10 million yen
【自社サービスのマーケティング担当】 アプリやwebサービスのマーケティング経験者、さらに業務の幅を広げて挑戦したい方,4 million yen ~ 6 million yen
【自社サービスのマーケティング担当】 アプリやwebサービスのマーケティング経験5年程度｜日本語・北京語活かせます,5.5 million yen ~ 10 million yen
＜地方拠点お祝い金支給キャンペーン実施中＞仙台_ソリューションエンジニア 新拠点立ち上げ,4 million yen ~ 14 million yen
NewRemote Work【グローバルな職場環境｜世界9拠点】　人事＋総務スペシャリスト,5 million yen ~ 7.5 million yen
【渋谷】PMM｜自社アプリのマーケティング戦略立案・実行,4 million yen ~ 6 million yen
Product Manager（ジュニア〜シニア）,7 million yen ~ 12 million yen
[ロジスティクスペシャリスト],6 million yen ~ 7.5 million yen
【Talent Acquisition】 外資系アパレルブランドで正社員や販売スタッフの採用を担当,"Negotiable, based on experience ~ 7 million yen"
Remote WorkAnalyst,6 million yen ~ 7 million yen
Remote Workマーケティングマネジャー／オンラインマーケティング経験者／キャリア女性向けブランド＜kay me＞,5 million yen ~ 12 million yen
【東京・大阪・福岡・熊本】リモートワーク・フルフレックス・時短勤務制度あり｜上流コンサルタント,4 million yen ~ 25 million yen
超自動化・インテリジェント化を仕掛ける！上流コンサルタント（東京・大阪・福岡）,4 million yen ~ 25 million yen
【マネジャー候補/大阪】 ソリューションエンジニア－金融領域（TGP－ITS－FSS）,10 million yen ~ 25 million yen
【マネジャー候補/東京】 ソリューションエンジニア－金融領域（TGP－ITS－FSS）,10 million yen ~ 25 million yen
プロダクト・クオリティ・エンジニア / Product Quality Engineer,5 million yen ~ 10 million yen
Remote Workプロジェクトマネジャー/Project Manager,8 million yen ~ 15 million yen
【データアナリスト/Data Analyst】【正社員・業務委託】,6 million yen ~ 12 million yen
Educational Coordinator / 教育コーディネーター,3 million yen ~ 6.5 million yen
Remote Work【Webオープン系エンジニア】何らか開発経験者をお持ちの方◎フルリモート案件有／VISA SUPPORT／多国籍社員活躍,3.5 million yen ~ 5.5 million yen
Remote Work【Webオープン系エンジニア】実務未経験から日本でエンジニアへ◎フルリモート案件有／ビザサポート／多国籍社員活躍,3 million yen ~ 3.5 million yen
Remote Work大阪で働きたい【ITエンジニア】積極採用中！フルリモート案件有／VISA SUPPORT／多国籍社員活躍／日本語日常以上,3 million yen ~ 5.5 million yen
【大阪】 ソリューションエンジニア－金融領域（TGP－ITS－FSS）,4 million yen ~ 25 million yen
【東京】 ソリューションエンジニア－金融領域（TGP－ITS－FSS）,4 million yen ~ 25 million yen
【グローバル企業でのキャリアスタート】オペレーションリーダー・マネージャー候補のご案内,4.5 million yen ~ 8 million yen
【世界的国際物流企業！】Strategic Sourcing　Manager：購買マネージャー／年収600万～900万円,6 million yen ~ 9 million yen
Remote Workテックリード,6 million yen ~ 20 million yen
Remote Work【新規事業】プロジェクトリーダー（project leader）/フルリモート可,7 million yen ~ 12 million yen
Business Growth Manager,6 million yen ~ 7.5 million yen
New【沖縄勤務】日英のバイリンガル募集！コンタクトセンターのWFMリーダー候補,4.5 million yen ~ 6 million yen
未経験者歓迎！カスタマーサクセス支援のバイリンガルチーム,3 million yen ~ 4 million yen
【神戸】 アフターセールス部 アフターセールス顧客管理業務（内勤中心）,5 million yen ~ 7.5 million yen
Domestic Grants Coordinator/国内外部研究資金コーディネーター,"Negotiable, based on experience"
Remote Work機械学習エンジニア/AI / ML . Python/世界の先駆的企業,6 million yen ~ 9 million yen
Remote WorkML Engineer_Full Remote Work,8.5 million yen ~ 12 million yen
Remote Workラグジュアリー・デザイナーズ・コスメブランド向け法人営業（新規出店推進）｜有名ブランドの出店交渉など,5 million yen ~ 8 million yen
電気設計エンジニア/Electrical Design Engineer｜回路設計、PLCプログラミング、AutoCAD,5 million yen ~ 6 million yen
Remote Work[Fintech startup] Web application (Full-stack) engineer,6 million yen ~ 12 million yen
Remote WorkSnowflakeエンジニア_フルリモート勤務,5 million yen ~ 8 million yen
Remote Work【新規事業】プロジェクトマネジメント（project management）/フルリモート可,7 million yen ~ 12 million yen
【Sales経験者】Experience & Travel curator/訪日向けの文化体験・旅行企画運営,5 million yen ~ 12 million yen
【Management経験者】Experience & Travel curator/訪日向けの文化体験・旅行企画運営,5 million yen ~ 12 million yen
Remote WorkData Architect | 14M yen,8 million yen ~ 14 million yen
Remote Work【海外業務希望者積極採用】　技術コンサルタント,6 million yen ~ 10 million yen

title,salary
Remote WorkPython開発エンジニア　/　Python开发工程师,5 million yen ~ 7 million yen
（派遣）アプリケーションエンジニア（Python）,"Negotiable, based on experience"
Python/React JS Consultant ～10M,6 million yen ~ 10 million yen
Python/React JS Consultant (～10M),6 million yen ~ 10 million yen
"Remote Work【AI研究・開発エンジニア】「Python,Mongo DB, Angular」などで開発経験がある方！",3.5 million yen ~ 6 million yen
Remote Work機械学習エンジニア/AI / ML . Python/世界の先駆的企業,6 million yen ~ 9 million yen
"Remote Work大手企業の案件多数！【システム開発エンジニア】(Java, C# , Python...)　※VISA Support※",3.5 million yen ~ 6 million yen
"Remote WorkFull Stack Engineer (Python, Java) / AI Company",6 million yen ~ 12 million yen
Python×React.js - Empowering AI Solutions for the World,"Negotiable, based on experience"
AI研究開発／データ分析エンジニア＼年収300万円～450万円／東京・神奈川・千葉・埼⽟・大阪・愛知など,3 million yen ~ 5.5 million yen
Remote Work【システムエンジニア｜週4日リモート・大阪】Python、Java、.netなど、ご経験がいかせます！,5 million yen ~ 7.5 million yen
【東京】バックエンドエンジニア（モバイルインフラ系）/Javascript/Python/直接取引/賞与固定4か月,4.5 million yen ~ 7 million yen
Webオープン系エンジニア＼年収300万円～450万円／東京・神奈川・千葉・埼⽟・大阪・愛知など,3 million yen ~ 5.5 million yen
Remote Work【Pythonリードエンジニア】 ”マッチングで世界を変える” SaaS型ビジネスマッチングシステム,7 million yen ~ 11 million yen
PR/094888 | Backend Engineer (Python) for reputable IT Japanese company,"Negotiable, based on experience"
【Full Stack Engineer：React.js×Python】 - Advanced AI× SaaS！,"Negotiable, based on experience"
"Remote WorkCareWiz Toruto Tech Lead (Node.js, Python, React, TypeScript",8 million yen ~ 12 million yen
Remote WorkNLP・machine learning　R&D（フルリモート可）,5 million yen ~ 10 million yen
English only! Full Stack Developer @leading financial group,6.5 million yen ~ 9 million yen
Remote Workリモートあり！ITエンジニア【システム開発エンジニア】　年収350万円～600万円,3.5 million yen ~ 6 million yen
AWS Solution Architect |10M yen,7 million yen ~ 10 million yen
Remote Work大阪で働きたい【ITエンジニア】積極採用中！フルリモート案件有／VISA SUPPORT／多国籍社員活躍／日本語日常以上,3 million yen ~ 5.5 million yen
INTERNAL Data Consultant,7.5 million yen ~ 11 million yen
Remote Workフルリモート可 ソフトウェアエンジニア／リードエンジニア,6 million yen ~ 11 million yen
PR/157436 | Software Engineer,"Negotiable, based on experience"
PR/116815 | Senior Data Engineer (GCP),"Negotiable, based on experience"
【ジュニアソフトウェアエンジニア】正社員/外国人ITエンジニア歓迎/VISA・住宅・日本語研修サポートあり！,3.5 million yen ~ 4.5 million yen
急募！【バックエンドエンジニア】～セキュリティトークン取引市場・株式PTSのシステム開発業務～※東京勤務,6 million yen ~ 10 million yen
"Robotics Engineering, Image Processing, Software Engineering",8 million yen ~ 18 million yen
Remote Work【システム開発】 第二新卒歓迎！経験少なくてもOK！JAVA、VB.NET、C♯、Python等の言語の知識がある方,3.5 million yen ~ 4.5 million yen
Sr. Fullstack Engineer シニアフルスタックエンジニア |11M yen,9 million yen ~ 11 million yen
【シニアソフトエンジニア】正社員/外国人ITエンジニア歓迎/VISA・交通費・家賃サポートあり！,4 million yen ~ 6 million yen
Remote WorkData Analyst @ Major E-Commerce Company,9 million yen ~ 13 million yen
PR/158996 | DATA ANALYSIS ENGINEER (POWER BI),"Negotiable, based on experience"
【バックエンドエンジニア/Back End Engineer】【正社員】,6 million yen ~ 12 million yen
Remote Work【フルスタックエンジニア】フルリモート可、少数精鋭で裁量を持って働ける環境◆HPC×クラウド×AIという最先端領域で活躍,6 million yen ~ 10 million yen
PR/094312 | [Opportunity to work in Japan] Software Engineer for a giant Japanese Group,"Negotiable, based on experience"
PR/118055 | [Netherlands] AI Service Manager,"Negotiable, based on experience"
Remote Work【制御・組込み系エンジニア】実務未経験から日本でエンジニアへ◎フルリモート案件有／VISAサポート／多国籍社員活躍,3 million yen ~ 3.5 million yen
PR/094777 | System Engineer,"Negotiable, based on experience"
Remote WorkBackend Tech Lead | Scalable CDP SaaS (URGENTLY),7 million yen ~ 12 million yen
PR/087034 | Full-Stack Software Engineer (Frontend-Focused) (m / f / d),"Negotiable, based on experience"
Remote Work【制御・組込み系エンジニア】半年以上ご経験がある方を募集◎フルリモート案件有／VISA SUPPORT／多国籍社員活躍,3.5 million yen ~ 5.5 million yen
Remote WorkPL:プロジェクトリーダー/PM:プロジェクトマネージャー (アプリケーション及びインフラ),6 million yen ~ 10 million yen
Remote Work【SE、PG】 (アプリケーション及びインフラ)　　※第二新卒歓迎!,3.5 million yen ~ 6 million yen
Tech Lead / Full Stack Developer,"Negotiable, based on experience"
Remote Work【PG/プログラマー】前給UP保証/大手企業の直請け案件あり/リモートワーク可能/残業月約10時間/20代活躍中～,3.5 million yen ~ 5.5 million yen
PR/093896 | [HCM] Software Engineer - Back End,"Negotiable, based on experience"
Robotics Software Engineer,"Negotiable, based on experience"
PR/115989 | Automation Technician,"Negotiable, based on experience"
【SE/ITクラウドサービスの設計・ソフトウェア開発】日本語・中国語ビジネスレベル／中国での仕事経験をお持ちの方歓迎,4.5 million yen ~ 8 million yen
Remote WorkFull stack engineer- No Japanese needed,"Negotiable, based on experience ~ 12 million yen"
CM Engineer,"Negotiable, based on experience"
Remote WorkData Scientist_Full Remote Work,5 million yen ~ 14 million yen
Remote WorkLLM/RAGシステム開発エンジニア,6 million yen ~ 9 million yen
AI Architect/AI Engineer (13140),4 million yen ~ 12 million yen
Webオープン系エンジニア　多国籍エンジニアが活躍中,3 million yen ~ 6 million yen
【Junior Software Engineer】Permanent/Foreign Engineer WELCOME,3 million yen ~ 5 million yen
Bilingual Senior Product Manager (部長候補),12 million yen ~ 20 million yen
Remote WorkWebアプリケーションエンジニア,6 million yen ~ 11 million yen
Remote Workインフラエンジニア  Infrastructure Engineer,3.5 million yen ~ 7.5 million yen
Remote Workフロントエンドエンジニア  Front End Engineer,3.5 million yen ~ 7.5 million yen
Remote Workバックエンドエンジニア  Back End Engineer,3.5 million yen ~ 7.5 million yen
Remote Workモバイルアプリエンジニア  Mobile App Engineer,3.5 million yen ~ 7.5 million yen
Remote WorkData Engineer - Global Insurance firm,7 million yen ~ 10 million yen
PR/095413 | Mechanical Engineer,"Negotiable, based on experience"
Remote Work【Webオープン系エンジニア】何らか開発経験者をお持ちの方◎フルリモート案件有／VISA SUPPORT／多国籍社員活躍,3.5 million yen ~ 5.5 million yen
Remote Work【AI研究開発／データ分析エンジニア】何らか開発ご経験者を募集◎フルリモート案件有／VISAサポート／多国籍社員活躍,3.5 million yen ~ 5.5 million yen
Remote Work【AI研究開発／データ分析エンジニア】実務未経験から日本でエンジニアへ◎フルリモート案件有／ビザサポート／多国籍社員活躍,3 million yen ~ 3.5 million yen
Remote Work【Webオープン系エンジニア】実務未経験から日本でエンジニアへ◎フルリモート案件有／ビザサポート／多国籍社員活躍,3 million yen ~ 3.5 million yen
Robotics Software Engineer,"Negotiable, based on experience"
Application Test Engineer |  アプリケーションテストエンジニア,7.5 million yen ~ 10 million yen
【日系グローバル企業】ITエンジニアリングマネージャー / IT Engineering Manager,6 million yen ~ 9 million yen
Remote WorkDevops Engineer (CICD Terraform) ～13M,7 million yen ~ 13 million yen
【SE】自動車メーカーCX領域（デジタル化推進）/SE–CX Digital (Automotive),4.5 million yen ~ 8 million yen
Remote Workソリューションアーキテクト,7.5 million yen ~ 10 million yen
PR/094840 | BACKEND for a reputable Australian IT company,"Negotiable, based on experience"
Remote Work[海外事業]プロダクトマネージャー,7 million yen ~ 11 million yen
Remote WorkFull Stack Engineer - 1 year contract,8 million yen ~ 9 million yen
Senior Backend Engineer/No JP - AI/LLM Powered Solutions,"Negotiable, based on experience"
Remote Workフルリモート可 Vice President of Product,10 million yen ~ 15 million yen
Remote WorkSRE,4.5 million yen ~ 9 million yen
Remote WorkData Scientist | データサイエンティスト,5 million yen ~ 12 million yen
ECUソフトウェア開発/ECU software development/9miilion and above,9 million yen ~ 11 million yen
【PL/PM】自動車メーカーCX領域（デジタル化推進）/PL/PM–CX Digital (Automotive),6 million yen ~ 9 million yen
Remote WorkFull Stack Engineer / Fintech in-house product,5 million yen ~ 10 million yen
Remote Workデータサイエンティスト,7 million yen ~ 10 million yen
【組み込みエンジニア】セキュリティ経験歓迎/AI顔認証サービス ※日本語・中国語ビジネスレベル ※最新技術に明るい方歓迎,4.5 million yen ~ 8 million yen
Construction Machinery HMI Developer,"Negotiable, based on experience"
"Linux System Administrator - Investment Bank, Trading System",10 million yen ~ 12 million yen
Remote Work【PL・PM】還元率120%／管理手当支給有／受託案件参画可能／リモートワ ーク可／残業月10時間程度／原則定時退社,6.5 million yen ~ 11 million yen
PR/117040 | Senior Data Analyst,"Negotiable, based on experience"
PR/093308 | IT / 品質保証　今勢いのあるIT企業の開発PMポジション,"Negotiable, based on experience"
PR/158208 | DevOps Engineer,"Negotiable, based on experience"
【バックエンドエンジニア】中国語必須/日本語不問◆世界有数の暗号資産取引所を運営するOK Group(欧科)の日本法人,4 million yen ~ 8 million yen
Remote Workデータエンジニア｜データ事業,6.5 million yen ~ 12 million yen
"Remote Work製品開発エンジニア（ハードウェア・ソフトウェア）/先進技術(AI,IoT等)、制御系ソフトウェア、電気機器等",3 million yen ~ 5 million yen
No Japanese needed -Full stack engineer,"Negotiable, based on experience ~ 12 million yen"
Remote WorkSenior Backend Engineer | Privacy Tech Startup,8 million yen ~ 15 million yen
Remote WorkSenior Backend Engineer/Team Lead - AI Agent Framework,8 million yen ~ 16 million yen
Embedded Lead,"Negotiable, based on experience"
Remote WorkData Scientist - Global Insurance firm,8 million yen ~ 13 million yen
PR/116780 | IT System Development Supervisor,"Negotiable, based on experience"
Remote Work【システムエンジニア】還元率120%／管理手当支給有／大手企業の直請け案件多数／リモートワーク可／年休123日以上,5 million yen ~ 8 million yen
ASIC Lead Engineer,"Negotiable, based on experience"
ITエンジニア/製品技術分野エンジニア！年収350万円～600万円,3.5 million yen ~ 6 million yen
PR/094785 | Senior Research Engineer,"Negotiable, based on experience"
【関西】WEBオープン・汎用系システムエンジニア◆完全週休二日制◆再雇用実績多数！,6.5 million yen ~ 8.5 million yen
【関西】WEBオープン・汎用系システムエンジニア◆完全週休二日制◆ワークライフバランス◎,4 million yen ~ 5.5 million yen
【関西】WEBオープン・汎用系システムエンジニア◆完全週休二日制◆昇給制度(1年目年収50万UP実績有),5.5 million yen ~ 7 million yen
PR/094481 | [EN] Software Engineer for large Japanese IT company,"Negotiable, based on experience"
PR/086635 | Japanese Bilingual IT Business Analyst,"Negotiable, based on experience"
【SaaS_AI/DX Division】Bilingual Engineering Leader,9 million yen ~ 25 million yen
Remote Work【急募!!!】シニアR&Dシステムエンジニア/Senior R&D System Engineer,"Negotiable, based on experience ~ 11 million yen"
Remote Work【Dev】Software Engineer / Lead Engineer,6 million yen ~ 10 million yen
NewRemote WorkBackend Engineer 【Security × Generative AI】,6 million yen ~ 10 million yen
Remote Workプロジェクトマネジャー/Project Manager,8 million yen ~ 15 million yen
AI/DX統括本部 Product CTO 兼 開発本部長候補　SFA/CRM,15 million yen ~ 30 million yen
PR/086875 | LLM / ML Engineer (m / f / d),"Negotiable, based on experience"
PR/159016 | Network Engineer – SASE or Proxy,"Negotiable, based on experience"
Remote WorkSenior Backend Engineer,8.5 million yen ~ 12 million yen
Remote WorkSoftware Engineer (Generative AI) | Lab Tech Startup,6 million yen ~ 9 million yen
New【英語を活かす】シニアプログラムマネージャー S&OP/ Senior Program Manager S&OP,10 million yen ~ 12 million yen
PR/086650 | LLM / ML Engineer & Team Management (m / f / d),"Negotiable, based on experience"
PR/158794 | Vision Systems Engineer - Opportunity to Transfer to Singapore,"Negotiable, based on experience"
PR/159142 | Software Senior Group Manager for R&D Division,"Negotiable, based on experience"
【ビザサポートあり！】システムテスト系エンジニア＼年収300万円～450万円／東京・神奈川・千葉・埼⽟・大阪・愛知など,3 million yen ~ 5.5 million yen
PR/094812 | Backend Engineer (Japan AI) for a reputable Japanese IT company,"Negotiable, based on experience"
PR/158843 | Data Engineer,"Negotiable, based on experience"
Remote WorkFull Stack Engineer | Chatobot,6 million yen ~ 8 million yen
Remote WorkBackend Engineer | ICT Service,5 million yen ~ 8 million yen
Remote WorkFull-stack Engineer,6 million yen ~ 12 million yen
＜地方拠点お祝い金支給キャンペーン実施中＞仙台_ソリューションエンジニア 新拠点立ち上げ,4 million yen ~ 14 million yen
PR/158842 | Business Insights Analyst,"Negotiable, based on experience"
Remote WorkWeb Application Engineer | Real Estate Company,6 million yen ~ 10 million yen
PR/159017 | Data Backup & Restore Administrator – Architect  /  Archive  /  Automation  /  Reporting,"Negotiable, based on experience"
＜＜地方拠点お祝い金支給キャンペーン実施中＞＞＊福岡＊ソリューションエンジニア/コンサルタント【TGP-ITS-FK】,4 million yen ~ 25 million yen
PR/086862 | C++ Developer (f / m / d),"Negotiable, based on experience"
PR/094875 | Senior Data Engineer,"Negotiable, based on experience"
Loads Team Leader,"Negotiable, based on experience"
NewRemote Work【ESG分析】AIエンジニア (12644),4 million yen ~ 6 million yen
PR/158845 | Site Reliability Engineering Lead,"Negotiable, based on experience"
Remote Work【業務系システムSE/ PM】OutSystems経験者歓迎！上流工程から下流までご担当いただきます！,5 million yen ~ 8.5 million yen
Remote WorkWeb Engineer (Backend Engineer/Server Side Engineer) [Linux],5 million yen ~ 9 million yen
PR/118022 | Implementation Consultant,"Negotiable, based on experience"
"Remote WorkSenior Software Engineer, Backend - (English) (～12M)",8.5 million yen ~ 12 million yen
Remote Work生成AIソフトウェアエンジニア,9 million yen ~ 25 million yen
NewRemote WorkAI Engineer | SaaS Venture Company,7 million yen ~ 11 million yen
NewRemote WorkFull Stack Engineer | SaaS Venture Company,7 million yen ~ 11 million yen
"Remote Work[AgriTech, Satellite x AI] Software Engineer",4 million yen ~ 9 million yen
NewFull Stack Engineer【Security × Generative AI】,4.5 million yen ~ 8 million yen
ロボットエンジニア/日本発のドローンサービス企業/外国籍エンジニア活躍！,"4 million yen ~ Negotiable, based on experience"
Junior Data Scientist 【ジュニアデータサイエンティスト】,5 million yen ~ 8 million yen
Senior Data Scientist 【シニアデータサイエンティスト】,8.5 million yen ~ 12 million yen
【データサイエンティスト/アナリスト】正社員/外国人ITエンジニア歓迎/VISAサポートあり！,3.5 million yen ~ 5.5 million yen
【東京】 製品・サービス開発DXコンサルタント　IndustryX‐Consultant（IX－PE＆S）,8 million yen ~ 25 million yen
【大阪】 製品・サービス開発DXコンサルタント　IndustryX‐Consultant（IX－PE＆S）,8 million yen ~ 25 million yen
Remote Work【Tokyo/Aichi】Sub Lead Engineer (Mobility related),6.5 million yen ~ 8.5 million yen
Remote Work【システムテスト系エンジニア】実務未経験から日本でエンジニアへ◎フルリモート案件有／VISAサポート／多国籍社員活躍,3 million yen ~ 3.5 million yen
NewBilingual DevOps/SRE in Big Global Insurance,6 million yen ~ 8.5 million yen
【Bilingual DevOps/SRE in Big Global Insurance】,6 million yen ~ 8.5 million yen
Remote Workデータエンジニア_フルリモート勤務,5 million yen ~ 8 million yen
【AI/機械学習エンジニア】正社員/外国人ITエンジニア歓迎/VISA・家賃サポートあり！,4 million yen ~ 6 million yen
Remote Work生成AIエンジニア,5 million yen ~ 8 million yen
Remote Work[Fintech startup] Web application (Full-stack) engineer,6 million yen ~ 12 million yen
【Aichi】System Engineer【Major automotive manufacturer】,4 million yen ~ 7 million yen
【AI(大阪)】データドリブンコンサルタント/企画経験者歓迎・データ利活用提供(SC-DAI-DDC),4 million yen ~ 25 million yen
【AI(東京)】データドリブンコンサルタント/企画経験者歓迎・データ利活用提供(SC-DAI-DDC),4 million yen ~ 25 million yen
【FinTech】データサイエンティスト/Data Scientist,7 million yen ~ 9 million yen
Remote WorkPMOコンサルタント 【Work with Global Projects】,6 million yen ~ 10 million yen
Remote Work【生命保険・損害保険向けシステム開発リーダー】保険業界のシステム開発全行程に貢献！メンバー統括もお任せします！,7 million yen ~ 8 million yen
Remote Work≪ヘルステック×AI≫画像解析のアルゴリズム開発からプロダクトへの実装する画像処理エンジニア,5 million yen ~ 9 million yen
"Remote WorkSenior Software Engineer, Backend / Fullstack",7 million yen ~ 12 million yen
Remote Work[Engineer]Open Positions (Tokyo/Osaka),5 million yen ~ 10 million yen
【Data Scientist/Analyst】Permanent/Foreign Engineer WELCOME,3.5 million yen ~ 5.5 million yen
Remote Work情報システム部 エンジニア,5 million yen ~ 7.5 million yen
Remote WorkData Scientist | データサイエンティスト,5 million yen ~ 10 million yen
Remote Work＜医療×AI＞医学的課題を解決する為に必要な画像処理技術の研究開発を主導する＜AIリサーチエンジニア＞◎,6 million yen ~ 9 million yen
Remote Workエンジニアリングマネージャー／フルリモート,8 million yen ~ 15 million yen
Platform Engineer,8 million yen ~ 13 million yen
【データエンジニア/Data Engineer】【正社員・業務委託】,6 million yen ~ 12 million yen
Remote WorkSoftware Engineer,4 million yen ~ 15 million yen
Remote Work【システムテスト系エンジニア】何らかシステムテスト経験をお持ちの方◎フルリモート案件有／VISAサポート／多国籍社員活躍,3.5 million yen ~ 5.5 million yen
Data Consultant,8 million yen ~ 12 million yen
Remote Work【薬局x AI】データサイエンティスト Data Scientist/フルリモート可,8.5 million yen ~ 15 million yen
"Application Engineer, digital implementation",10 million yen ~ 12 million yen
【機械学習エンジニア/Machine Learning Engineer】【正社員】,6 million yen ~ 9 million yen
Remote WorkSRE/DevOps (AI/ML Tech Company),8 million yen ~ 10 million yen
NewRemote Work韓国語／データベースエンジニア（オンラインゲーム） 【グローバルゲーム会社／年間休日125日】,4 million yen ~ 6 million yen
【Mid-Career】AWS Cloud Engineer,8 million yen ~ 10 million yen
Frontend Engineer,6 million yen ~ 9 million yen
バイオインフォマティシャン/グローバルな環境で最先端の技術を用いた研究に貢献/日・英・韓のいずれかが話せる方歓迎！,5 million yen ~ 8 million yen
【Lead AI Engineer】　Growing Cutting-edge AI Start-up! NO JP!,8 million yen ~ 16 million yen
Automation Systems Engineer (Fresh Graduates Welcome),"Negotiable, based on experience"
Remote Workプロダクトエンジニア,4 million yen ~ 20 million yen
Remote Work【AI】フルスタックエンジニア,6 million yen ~ 12 million yen
Remote WorkTech Lead / Full Stack Engineer｜Marketing Technology Company,7 million yen ~ 14 million yen
Remote WorkFull Stack Engineer (Custom Solutions),5.5 million yen ~ 12 million yen
Remote Work【Dev】Machine Learning Engineer (LLM New Business),7 million yen ~ 12 million yen
Remote Work【Unity】Client Engineer,5 million yen ~ 16 million yen
Remote WorkJava Server Side Engineer (Payment infrastructure system),5 million yen ~ 16 million yen
Remote WorkImage AI Engineer | ICT Service,7 million yen ~ 12 million yen
Remote Workネットワークエンジニア（東京 乃木坂勤務）スーパーフレックス／年休128日,5 million yen ~ 8 million yen
Remote WorkSenior Engineering Manager / Tech Lead,"Negotiable, based on experience ~ 20 million yen"
Remote WorkData Engineer | データエンジニア,5 million yen ~ 10 million yen
Model Validation Analyst - Drive Risk Innovation,"Negotiable, based on experience"
Remote Workソフトウェアエンジニア募集中/Experienced Fullstack Developers NO Japanese!,6 million yen ~ 12 million yen
Remote Work数理最適化エンジニア/Mathematical Optimization Engineer,6 million yen ~ 10 million yen
Remote Workソフトウェアエンジニア（新卒）,4.5 million yen ~ 6 million yen
Remote WorkCloud Architect | クラウドアーキテクト,12 million yen ~ 14 million yen
Remote WorkQAエンジニア/QA Engineers - URGENTLY Hiring!,5 million yen ~ 10 million yen
Machine Learning Engineer - Business level Japanese,8 million yen ~ 11 million yen
【AI/ML Engineer】Permanent/Foreign Engineer WELCOME,4 million yen ~ 6 million yen
解析アプリケーションエンジニア-SIPI/EM/Thermal,"Negotiable, based on experience"
Remote WorkSolution Architect,7 million yen ~ 9 million yen
【Software Engineer】Opportunity at Automation Start-up!,"5 million yen ~ Negotiable, based on experience"
Remote Workデータエンジニア/Data Engineer,6 million yen ~ 9 million yen
Remote WorkData application dev role!,7.5 million yen ~ 12 million yen
Remote WorkML Manager (AI/ML Tech Company),14 million yen ~ 17 million yen
Newスノーフレーク データエンジニア/Snowflake Data Engineer 8million and above,8 million yen ~ 10 million yen
Workdayシステムコンサルタント(TGP-E&I-Workday),4 million yen ~ 25 million yen
～日系Iotメーカー　～ユニコーン企業～  回路設計エンジニア ＠東京,5 million yen ~ 12 million yen
Senior Engineering Manager,7 million yen ~ 12 million yen
Remote WorkSenior Backend Engineer（Workflow Engine）～12M,8.5 million yen ~ 12 million yen
Remote WorkSenior Frontend Engineer（Platform/Frontend Improvement) ～12M,8.5 million yen ~ 12 million yen
Remote WorkTech Lead: Platform Engineer ～12M,8.5 million yen ~ 12 million yen
データエンジニア・DATA ENGINEER (Urgent Role!!!),6 million yen ~ 9 million yen
Remote WorkBack-end Engineer (drone operation application),5 million yen ~ 10 million yen
Remote WorkSoftware Development Engineer [Member Class],3.5 million yen ~ 5.5 million yen
Generative AI Engineer - Shape the Next Generation of AI,"Negotiable, based on experience"
Remote Workソフトウェアエンジニア／フルリモート,6 million yen ~ 15 million yen
【AI(東京)】データサイエンティスト/デジタルアセット活用のビジネス変革推進(SC-DAI-DS),4 million yen ~ 25 million yen
NewRemote WorkNLP Engineer,10 million yen ~ 19 million yen
Model Validation Analyst - Investment Models (Associate),"Negotiable, based on experience"
【データアナリスト/Data Analyst】【正社員・業務委託】,6 million yen ~ 12 million yen
【大阪】R00002293 Data－データエンジニア【TGP－Data】,4 million yen ~ 25 million yen
【東京】Data－データエンジニア【TGP－Data&AI】,4 million yen ~ 25 million yen
【AI(大阪)】データサイエンティスト/デジタルアセット活用のビジネス変革推進(SC-DAI-DS),4 million yen ~ 25 million yen
Remote Workフルスタックエンジニア - 「世界をリードする企業」,7 million yen ~ 10 million yen
Remote Workシニアデータエンジニア　Senior Data Engineer/フルリモート可,7.5 million yen ~ 13 million yen
Production Support Engineer（社内SE）リーダー候補,5 million yen ~ 6 million yen
Remote Workデータエンジニア,5 million yen ~ 12 million yen
Site Reliability / DevOps / SysOps Engineers Needed ! !,"Negotiable, based on experience"
Site Reliability / DevOps / SysOps Engineers Needed ! !,"Negotiable, based on experience"
Remote WorkMT- 外資系金融サービスでのFinancial Analyst,7 million yen ~ 10 million yen
Remote Work【AI】データエンジニア,6 million yen ~ 12 million yen
Remote WorkBackend Engineer - Generative AI - Full Remote & Flex Time,6.5 million yen ~ 12 million yen
Remote Workクラウドエンジニア(AWS)～SaaSのデータ基盤構築,6 million yen ~ 8 million yen
Remote WorkMachine Learning Engineer | Global Business,7 million yen ~ 12 million yen
Senior Backend Engineer/Advanced AI + Global Environment！,"Negotiable, based on experience"
Remote Work★最先端技術やグローバル領域の挑戦可能★クラウドセキュリティソリューション導入担当,4 million yen ~ 6.5 million yen
Remote WorkBilingual DevOps Engineer / Site Reliability Engineer,6.5 million yen ~ 8 million yen
データエンジニア ・ Data Engineer,"Negotiable, based on experience"
Remote WorkAI Engineer (Autonomous flying drone),6 million yen ~ 10 million yen
Remote Work【English OK】Tech Product Manager/PJM,7 million yen ~ 10 million yen
技能職（電気/メカ/ソフト開発）[韓国語できれば尚可/日本語N2以上],3.5 million yen ~ 7 million yen
New【日系EC大手】ITセキュリティ・エンジニア（派遣）｜不正対策・脅威分析、時給3500円〜,"Negotiable, based on experience"
Remote Work【システムエンジニア／開発メンバー】募集!!　経験1年以上学歴不問年収600万円確約、N1大歓迎、2年目1000万円可！,6 million yen ~ 10 million yen
Remote Work【New Business (Manga/Comics)】Image Generation AI Engineer,6 million yen ~ 10 million yen
Remote Work【Fullstack Engineer】AI Service Development Engineer,6 million yen ~ 13 million yen
Remote WorkWeb Engineer - Full remote - Global Product Team (JP/EN),5.5 million yen ~ 9 million yen
Database Administrator,5 million yen ~ 8.5 million yen
＜＜地方拠点お祝い金支給キャンペーン実施中＞＞ソリューション・エンジニア（札幌）【TGP－ITS－AIH】,4 million yen ~ 25 million yen
Remote WorkWeb Application - Java Developer,5 million yen ~ 8 million yen
NewRemote Work【Development Headquarters】Site Reliability Engineer (SRE),7.5 million yen ~ 10 million yen
Senior Backend Developer @ Financial Services Group,2.5 million yen
Remote WorkNo Japanese Needed -AI Engineer/Tech lead,"Negotiable, based on experience ~ 16 million yen"
Remote WorkMLOps Engineer,7 million yen ~ 12 million yen
トルコ語マーケティング担当｜Turkish Language Marketer,"Negotiable, based on experience"
Remote WorkAIエンジニア/AI Engineer,6 million yen ~ 10 million yen
Remote WorkHiring Full-stack Engineers!,6.5 million yen ~ 14 million yen
Remote WorkAPI Developer (Go-lang),5 million yen ~ 7.5 million yen
Remote WorkClient Coverage Analyst – EMS / Workflow Tech @ NYC Firm,"14 million yen ~ Negotiable, based on experience"
(URGENT!) Backend Engineer - AI/LLM - No Japanese Needed!,8 million yen ~ 12 million yen
Remote WorkBackend Engineer（Analysis Platform）,7 million yen ~ 12 million yen
Remote Workバックエンドエンジニア[Backend Engineer]/フルリモート可,7.5 million yen ~ 12 million yen
英語／ローカライズエンジニア（ゲームソフトのローカライズをエンジニアリングから支える） 【大手ゲーム会社】,6 million yen ~ 10 million yen
Remote Work「English Only」 Cloud Application Technical Project Manager,7 million yen ~ 9 million yen
＜＜地方拠点お祝い金支給キャンペーン実施中＞＞ソリューション・エンジニア（会津）【TGP－ITS－AIF】,4 million yen ~ 25 million yen
Remote WorkML Engineer_Full Remote Work,8.5 million yen ~ 12 million yen
URGENT HIRING -Manual OR Automation Tester急募 - 手動または自動テスター,7 million yen ~ 10 million yen
Bilingual Test Managers!!,10 million yen ~ 12 million yen
Remote Work【機械学習・LLMアプリケーション開発プロジェクトリーダー】SaaS型ビジネスマッチングシステム／リモート可,7 million yen ~ 11 million yen
Remote Workプロダクトエンジニア/Product Engineer,6 million yen ~ 10 million yen
Remote Work【AI】Generative AI Engineer,6.5 million yen ~ 12 million yen
Remote Workバックエンドエンジニア,6 million yen ~ 9 million yen
Remote Work(URGENT) Back End Engineer (Go-Lang/ Basic JP),"Negotiable, based on experience"
Remote WorkAI Cloud Engineer / Machine Learning Engineer - Lead,8 million yen ~ 12 million yen
Remote WorkLead Engineer,10 million yen ~ 15 million yen
Remote WorkSoftware Engineer (Junior and Mid-Level),"Negotiable, based on experience"
【Data Scientist】 tackling world water issues,6 million yen ~ 10 million yen
Generative AI Engineer/No JP - Global Environment × LLM!,"Negotiable, based on experience"
Remote WorkSenior Analytics Executive｜優れた分析能力： ローデータを分析し、戦略的提言を提供する能力,5 million yen ~ 7 million yen
データアナリスト with Competitive benefits package,Based on hourly rate ~ 10 million yen
Remote WorkNetwork Engineer (Tokyo/Superflex),5 million yen ~ 8 million yen
Remote WorkData Engineer,8.5 million yen ~ 12 million yen
宿泊施設開発・運用のDX・業務改善推進担当（業務整理・システム要求整理担当）,"Negotiable, based on experience"
Remote WorkForensic：ITインフラエンジニア | IT Infrastructure Engineer,7.5 million yen ~ 12 million yen
Remote WorkCloud Engineer (AWS/Azure) ～9M,3.5 million yen ~ 9 million yen
Remote WorkSenior Back-end Engineer/ Featured Skill Market,6 million yen ~ 12 million yen
Remote WorkAI Engineer | HR Tech Company,6 million yen ~ 9 million yen
【東京】クラウドアーキテクト/エンジニア/コンサルタント(TGP－ICE),4 million yen ~ 25 million yen
【大阪】クラウドアーキテクト/エンジニア/コンサルタント(TGP－ICE),4 million yen ~ 25 million yen
【福岡】クラウドアーキテクト/エンジニア/コンサルタント(TGP－ICE),4 million yen ~ 25 million yen
Remote WorkSite Reliability Engineer (Azure) - Global Insurance Firm,8 million yen ~ 12 million yen
NewRemote WorkExciting Position as Lead ML/AI Engineer,"Negotiable, based on experience"
【マネジャー候補/大阪】 ソリューションエンジニア－金融領域（TGP－ITS－FSS）,10 million yen ~ 25 million yen
【マネジャー候補/東京】 ソリューションエンジニア－金融領域（TGP－ITS－FSS）,10 million yen ~ 25 million yen
【CG エンジニア】ゲーム好き必見！,"4 million yen ~ Negotiable, based on experience"
Remote WorkLLMエンジニア｜データ事業,6 million yen ~ 12 million yen
Solution Architect (IT and Data Management)/ソリューション・アーキテクト,9 million yen ~ 12 million yen
Remote WorkMachine Learning Engineer / Major Internet Service,6 million yen ~ 10 million yen
Remote WorkData Scientist / IoT Sensor Data and Water Quality Analysis,6 million yen ~ 11 million yen
Remote WorkProduct Security Engineer_Full Remote Work,8.5 million yen ~ 12 million yen
【大阪】 ソリューションエンジニア－金融領域（TGP－ITS－FSS）,4 million yen ~ 25 million yen
【東京】 ソリューションエンジニア－金融領域（TGP－ITS－FSS）,4 million yen ~ 25 million yen
Remote Work英語／ネットワークエンジニア・社内ネットワーク (グローバル担当) 【在宅勤務制度あり／日本最大級のテックカンパニー】,7 million yen ~ 11 million yen
Remote Work韓国語／ネットワークエンジニア・社内ネットワーク (グローバル担当) 【在宅勤務メイン／日本最大級のテックカンパニー】,7 million yen ~ 11 million yen
Remote Work機械学習エンジニア　Machine Learning Engineer/フルリモート可,8.5 million yen ~ 15 million yen
Batch Process Production Support/バッチプロセス生産サポート,8 million yen ~ 9 million yen
NewRemote WorkAi Engineer / AI Architect  / Remote work global Agentic AI,6 million yen ~ 10 million yen
Remote WorkData Analyst (AI Technology Development Department),6 million yen ~ 12 million yen
Remote Workデータサイエンティスト・DATA SCIENTIST  (Urgent Role!!!),5 million yen ~ 15 million yen
Generative AI Engineer,6 million yen ~ 14 million yen
再保険内部監査/ Internal Auditor in a Reinsurance Company@東京,18 million yen ~ 20 million yen
Site Reliability Engineer- SRE,7 million yen ~ 10 million yen
Full Stack Developer – Financial Services,8.5 million yen ~ 14 million yen
Remote WorkSalesforce Engineer,7 million yen ~ 8.5 million yen
Remote WorkExpert of Identity and Access Management (IAM) (m/w/d),6 million yen ~ 13 million yen
Türkçe Dijital Pazarlama Uzmanı,"3.5 million yen ~ Negotiable, based on experience"
Remote Work【オープンポジション_SE～PM】◎チームでのプロジェクト体制◎長期大規模システム開発,6 million yen ~ 10 million yen
NewRemote WorkMachine Learning Engineer | Food EC Service,7 million yen ~ 15 million yen
Remote Work【東京/システムエンジニア・プログラマー】自社サービス開発にも携われる★残業平均月13時間（前年度実績）,4 million yen ~ 7 million yen
Remote Workソフトウェア開発(カプセル充填機等医薬品製造装置)★フルフレックス★年休125,4 million yen ~ 5.5 million yen
Remote Work【AI（機械学習、自然言語処理、検索）エンジニア】”マッチングで世界を変える” SaaS型ビジネスマッチングシステム,7 million yen ~ 11 million yen
Performance Team Member,"Negotiable, based on experience"
Remote WorkAI Engineering Manager,"Negotiable, based on experience ~ 17 million yen"
Turkish Language Marketer l Visa sponsorship provided!,"3.5 million yen ~ Negotiable, based on experience"
Remote Workフルスタック開発者/エンジニア（沖縄勤務）◆週2リモート可/フルリモート応相談/年休128日/フレックス,6 million yen ~ 8 million yen
Remote Workフルスタック開発者/エンジニア（東京勤務）◆週2リモート可/フルリモート応相談/年休128日/フレックス,6 million yen ~ 8 million yen
Remote WorkFull stack engineer (Okinawa/RemoteWork),6 million yen ~ 8 million yen
Remote WorkFull stack engineer (Tokyo/RemoteWork),6 million yen ~ 8 million yen
Machine Learning Engineer (or MLOps Engineer),"Negotiable, based on experience"
